ISTJ,High,"Fukuoka, Japan   karena ISTJ tidak akan pernah lelah di Jepang. Tidak hanya ideal untuk mereka yang membutuhkan ruang sendiri yang klasikal, kota-kota di bawah radar seperti Fukuoka dan Kumamoto menawarkan banyak atraksi dan kegiatan yang cocok untuk satu atau kelompok kecil. Baik itu mengambil tur sehari ke kuil hop dan mengagumi situs religius kota atau menghibur jiwa Anda dengan sesi onsen di desa mata air panas, aman untuk mengatakan bahwa Jepang jauh dari rumah untuk ISTJ."
ISTP,High,"Pokhara, Nepal   karena meskipun introvert, ISTP adalah anak yang suka tantangan. Sebuah pengalaman hidup untuk berpetualang di alam seperti di Pokhara, Nepal. Pencakar langit di distrik bisnis di rumah mungkin mengesankan, bahwa tidak ada struktur buatan manusia yang dapat mengalahkan karya seni alami. Bagi para petualang yang berpengalaman, olahraga ekstrem seperti paralayang dan arung jeram mungkin telah kehilangan daya tariknya, tetapi bagaimana parahawking -mengawasi seekor burung elang saat Anda berada ribuan kaki di atas tanah-suara? Setelah selesai, masukkan pemanis Anda ke dalam hidangan Nepal karena kebanyakan hidangan mereka itu pedas)"
ISFJ,High,"Hue and Hoi An, Vietnam.   Dengan kecenderungan untuk sejarah dan budaya, ISFJ percaya akan harmoni, kedamaian, dan struktur. Di Vietnam, Anda bisa menyaksikan langsung bagaimana kehidupan sehari-hari Vietnam. Nelayan menebarkan jala dari perahu saat matahari terbit, menyeruput semangkuk pho terbaik yang Anda miliki di suatu tempat di sepanjang pinggir jalan, menelusuri langkah-langkah ke situs pertempuran selama Perang Dunia, atau kunjungi situs-situs budaya seperti Istana Kerajaan dan reruntuhan kuno. Anda akan terkejut dengan betapa banyak pengaruh arsitektur timur di Vietnam."
ISFP,High,"Siem Reap, Cambodia   karena sifat ISFP yang mengendalikan apapun secara estetis akan menemukan penyelesaian di Siem Reap. Dari tempat wisata budayanya hingga cara hidup masyarakat setempat. Pesona pedesaan Kamboja yang sangat selaras dengan kepedulian ISFP terhadap keaslian. Sebelum fajar, cobalah bersepeda dan melakukan perjalanan ke Angkor Wat untuk menangkap matahari terbit, sebelum bergabung dengan keluarga di pedesaan untuk mengalami hidup melalui lensa mereka."
INTJ,High,"Singapore   karena INTJ sering mendapatkan reputasi buruk karena terlalu kaku atau kaku. Agak ironis, INTJ memang memeluk spontanitas, tetapi Singapura yang nyaman membuat mereka lebih mudah menjelajah kota tersebut dengan cepat. Dengan situs budaya dan museum yang terkumpul di area yang sama, INTJ dapat dengan cepat memahami etos unik Singapura bahkan jika mereka berjalan kaki. Kemungkinannya, bahkan setelah menaklukkan tempat wisata seperti River Safari dan Gardens By The Bay, mereka masih memiliki banyak waktu untuk duduk di kafe dan perlahan-lahan menyaksikan dunia berlalu."
INTP,High,"Kaohsiung, Taiwan   karena mereka merupakan tipe pemikir yang tenang di luar tetapi kacau nan luar biasa di dalam. Dengan sesuatu yang terus-menerus muncul di kepala mereka, keseimbangan dalam bentuk damai dan tenang adalah apa yang INTP cari ketika bepergian. Kaohsiung ialah destinasi paling cocok untuk liburan yang sempurna bagi yang memiliki personality ini. Sementara orang banyak berduyun-duyun ke Taipei yang menginginkan makanan jalanan dan pasar malamnya, Kaohsiung menawarkan hal yang sama tanpa kerumunan dan dengan begitu banyak kesempatan untuk refleksi. Terlepas dari situs budaya yang tidak dapat disangkal Taiwan, Kaohsiung bahkan ada rumah atap untuk taman hiburan dan instalasi kaca publik terbesar di dunia. Bersiaplah untuk memiliki semua indra Anda diantisipasi!"
INFJ,High,"Lucknow, India   karena INFJ tidak melakukan travelling, mereka melakukan perjalanan. Tidak mengherankan, kota-kota serba cepat yang dipenuhi dengan hutan beton tidak cocok dengan INFJ, tetapi penuh dengan kemanusiaan dan emosi adalah Lucknow, India. Bisa jadi lalu lintas yang berantakan atau pasar yang ramai, ada nuansa pesta yang jelas yang bersifat perayaan dan penuh kasih sayang di Lucknow. Sambil Anda mengagumi arsitektur menakjubkan yang dirancang untuk mendefinisikan kembali pengertian Anda tentang India, jangan lupa untuk memperkecil dan menelusuri jalanan dan pasar. Di sudut dan celah kecil ini Anda akan mengalami keramahan sejati dan makanan kelas atas yang akan membuat lidah Anda meledak dengan sukacita dengan setiap gigitan."
INFP,High,"Hong Kong   karena Hong Kong terkenal karena Disneyland, antrean singkat di BAKE dan Dim Sum - itu juga tempat yang tidak akan menjadi list oleh orang-orang INFP. Untuk INFP, perjalanan bukan tentang ke mana harus pergi, tetapi memusingkan pengalaman-pengalaman baru, orang-orang terlalu terobsesi dengan tren untuk diperhatikan - pemandangan seni Hong Kong yang tenang namun berkembang pasti akan menggairahkan. Sementara Anda menunggu orang yang berbicara tentang M+ Museum yang akan selesai pada 2019, tempat-tempat seperti PMQ dan Broadway Cinematheque akan merevitalisasi hippy dalam diri Anda - dengan banyak film indie, sastra dan pernak-pernik untuk diperebutkan. Namun sebelum melompat, tempat yang bagus untuk memulai adalah Soho Gallery Walk, sebuah tur untuk memberi Anda semua informasi yang Anda butuhkan untuk memahami di mana adegan seni Hong Kong akan berlangsung."
ESTJ,High,"Seoul, Korea   karena di negeri Kimchi dan K-drama, tradisi bertemu dengan modernitas. Untuk ESTJ, gaya hidup dinamis dan serba cepat Seoul cocok dengan mereka seperti sarung tangan. Di distrik seperti Garosu-gil, jalan-jalan sebagian besar diambil oleh kafe dan peritel kecantikan, menawarkan siapa saja yang pergi ke sana merasakan modernisasi Korea yang cepat. Selain itu, juga bisa pergi ke istana megah dan mencicipi makanan jalanan orang Korea. Contohnya Istana Gyeongbokgung, Anda tidak hanya bisa memasuki dinding istana yang dulunya hanya diizinkan untuk bangsawan, Anda akan mendapatkan don hanboks tradisional dan mendapatkan lebih dekat untuk menjalani hidup sebagai orang Korea sejati dari masa lalu. Tempat-tempat budaya disisihkan, jalur makanan jalanan di sepanjang Myeongdong adalah di mana Anda akan diberkati dengan banyaknya makanan jalanan Korea. Seafood bakar, pancake goreng dan bug kukus, periksa, periksa dan periksa apakah Anda berani."
ESTP,High,"Bali, Indonesia   karena ESTP adalah orang yang berani dan spontan. Dari semua kepribadian, ESTP adalah yang paling mungkin hidup dengan mantra YOLO (You Only Live Once). Menjadi petualang, alam yang luar biasa di Bali akan menarik bagi setiap ESTP. Matahari, pasir dan pantai disisihkan, atraksi buatan manusia seperti Tari Kecak, taman air Waterbom dan safari hutan - yang menempatkan ANDA dalam sangkar dan bukan satwa liar - pasti akan membuat jantung Anda berdetak kencang."
ESFJ,High,"Bangkok Thailand   karena Dengan kepribadian yang menular dan sifat keluar, tidak ada pihak yang lengkap tanpa ESFJ. Sebuah bola energi, adegan Bangkok yang selalu terjadi sudah lebih dari cukup untuk memuaskan penaklukan untuk bersenang-senang. Bagaimanapun, itu adalah tanah senyuman. Perjalanan ke Bangkok tidak terhitung nilainya kecuali Anda mencicipi semua makanan jalanan dan memberikan tangan Anda untuk tawar-menawar dengan harga yang bagus. Sebelum malam tiba, jelajahi kuil megah dan taman bertema budaya -sebuah cara alternatif untuk belajar tentang warisan penuh warna Thailand - dan dibawa pergi ke dunia malam malam Bangkok yang luar biasa - disko, kabaret, dan semuanya."
ESFP,High,"Macau   karena beberapa orang mengatakan bahwa Macau adalah anaknya Las Vegas dan Venesia, dan tidak sulit untuk melihat alasannya. Dengan hiburan sepanjang waktu dan estetika yang terinspirasi Venesia, jika ada satu kata yang dapat menggambarkan Macau - itu menyenangkan. Mirip dengan ESFP, mereka senang bersenang-senang dan menemukan penelitian perencanaan dan pra-perjalanan sebagai beban mutlak. Di Macau, ada sesuatu yang dapat dilakukan di mana saja - darat, laut, atau udara. Di lapangan, kasino dan pertunjukan gaya Vegas sudah cukup untuk membuat perjalanan itu tak terlupakan. Tetapi untuk pemberani, Macau hanya terjadi jika Anda melihat cakrawala kota dari menara ikon, diikuti oleh bungy melompat dari itu. Tapi untuk yang penakut, memiliki seorang pria gagah serenade Anda saat mendayung gondola terdengar seperti bagus juga."
ENTJ,High,"Mauritius   karena ENTJ merupakan orang yang go-getter alami, dan sama seperti Adidas, tidak mungkin tidak ada apa-apanya. Namun, ketika tiba waktunya untuk pergi berlibur, ENTJ sering terjebak dalam teka-teki - ingin memompa adrenalin mereka dan bersantai di vila mewah yang menghadap perairan biru jernih, semua pada saat yang sama. Kehidupan pulau dengan keunggulan memang ada dan itu disebut Mauritius. Pada dasarnya sebuah pantai raksasa yang belum tersentuh oleh modernisasi, Mauritius menuntut untuk dialami melalui sejumlah kegiatannya. Kegiatan berbasis air termasuk snorkeling dengan lumba-lumba untuk menyelam lebih dalam di subscooter pribadi Anda saat Anda membayangkan bagaimana kehidupan harus seperti melalui mata Ariel. Sedangkan untuk udara-ditanggung, cukup terbang di atas dan mengambil terjun dalam putaran skydiving yang menggembirakan."
ENTP,High,"Tokyo, Japan   karena untuk beberapa, mimpi indah terbuat dari sebuah rumah oleh padang rumput yang menghadap ke pegunungan, menyeruput teh di beranda saat hari berlalu. Katakan itu untuk setiap ENTP dan mereka akan memberi tahu Anda seberapa banyak rutinitas mimpi buruk dan mundanitas. Disemangati oleh lingkungan tempat mereka berada, pemikiran cepat ENTP berarti kota harus cukup cepat untuk menyesuaikan kecepatannya. Untungnya, Tokyo, Jepang hanya penerbangan. Pada pandangan pertama, keramaian Tokyo mungkin tampak seperti kekacauan hiruk pikuk. Tapi sebenarnya, kota ini menjalankan efisiensi yang tak tertandingi oleh negara lain. Ambillah, misalnya kekacauan terkontrol yang terjadi di Shibuya setelah gelap. Atau estetika warna-warni Harajuku - tempat orang-orang mengenakan kostum cosplay berdiri di samping pasangan dalam Yukata tradisional. Kota tidak pernah tidur, dengan tempat makan dan hal-hal seperti Restoran Robot untuk dilakukan bahkan ketika jam tengah malam."
ENFJ,High,"Melbourne, Australia   karena bagi ENFJ, interaksi manusia adalah oksigen. Melbourne seperti itu, secara langsung selaras dengan kepribadian ENFJ yang terbuka. Di mana pembicaraan kecil dengan barista dan olok-olok ramah dengan penduduk setempat adalah norma, semua orang adalah teman di Merlbourne. Melbourne terkenal karena semangat santai mereka, dan ini benar-benar diterjemahkan melalui orang-orangnya. Penduduk setempat selalu keluar untuk percakapan yang baik, dan sederhana 'bagaimana Anda melakukan' sering memicu percakapan yang tidak terduga. Pusat kotanya penuh dengan landmark ikonik seperti Stasiun Kereta Api Flinders Street dan Hosier Lane yang berseni - semua dengan sejarah yang menarik jika Anda bertanya-tanya. Namun di sepanjang pinggiran kota Anda akan menemukan sejumlah kafe dan bisnis lokal yang menggemakan kehangatan kota ini."
ENFP,High,"Boracay, Philippines   karena Untuk ENFP, hidup adalah pesta dan semua orang diundang. Dengan semangat alami terhadap kehidupan, ENFP selalu mencari petualangan dan keburukan baru, dan sering mendapat rangsangan dari kegiatan di mana banyak orang terlibat. Dapat dikatakan bahwa ENFP adalah warga global klasik, tetapi tidak ada tempat yang lebih baik seperti Boracay, Filipina. Borocay merupakan surga untuk kegiatan berjiwa bebas, kegiatan seperti penyelaman tebing dan parasailing Ariel adalah permulaan bagi pencari sensasi untuk memeriksa dua hal dari daftar keranjang mereka. Semua sambil berjemur di pantai yang masih asli dan menikmati pemandangan berkilau yang ditawarkan pulau ini. Pelarian Anda di pulau menjadi lebih baik ketika Anda menyadari bahwa klub sedang berlangsung, bahkan di tengah hari. Di sela-sela klub, sok tahu daftar panjang makanan jalanan dan restoran tersedia setiap giliran yang Anda buat."
ISTJ,Low,"Museum  karena   ISTJ lebih suka menganalisis sekeliling mereka, memeriksa fakta, mengambil urutan tindakan yang praktis, dan lebih suka mandiri dan memenuhi kebutuhan sendiri daripada memercayakan kepada orang atau sesuatu. Orang dengan ini cenderung menyimpan pendapat mereka sendiri dan membiarkan fakta yang membuktikannya, tetapi mungkin akan perlu banyak waktu sebelum bukti yang dapat dilihat bercerita tentang semuanya."
ISTP,Low,"Gunung   karena ISTP adalah orang yang suka berpetualang sendiri, praktis, pemberani, dan cerdik. Dengan mendaki gunung tanpa jadwal yang ditentukan, karena orang-orang dengan personality ini suka mengeksplorasi dengan tangan dan mata mereka, menyentuh dan mengamati dunia di sekeliling mereka dengan rasionalisme yang dingin dan rasa ingin tahu yang bersemangat. Meskipun mereka introvert, namun mereka selalu ingin menjalani hidup yang berbeda alias bosan dengan kegiatan dan tempat yang selalu sama. "
ISFJ,Low,"Beach Camp   karena ISFJ adalah orang yang sangat berdedikasi dan hangat, percaya akan keharmonisan, senang akan pengaruh baik yang ditularkan ke orang lain, dan senang membangun kenangan yang berharga. Dalam camping ke pantai akan membentuk keahlian praktis yang menguntungkan dan membangun kenangan bersama. Mereka adalah  altruis sejati, mempertemukan kebaikan dan lebih banyak kebaikan dan melibatkan pekerjaan dan orang yang mereka percaya dengan antusiasme dan kemurahan hati."
ISFP,Low,"Alam   karena ISFP adalah seniman yang fleksibel dan mengagumkan, selalu siap menjelajahi dan mengalami hal baru. Dengan menjadi sukarelawan dalam kegiatan alam, orang-orang dengan personality ini menjalani hidup yang penuh warna, dunia yang sensual, diinspirasikan oleh hubungan dengan orang-orang dan ide-ide. Hanya karena mereka sendirian, bukan berarti orang dengan tipe kepribadian ini hanya duduk diam – mereka menggunakan waktu ini untuk introspeksi, menilai, dan mengevaluasi ulang prinsip mereka. Mereka sangat ekspresif terhadap kehidupannya, namun sangat sulit untuk merencanakan masa depan."
INTJ,Low,"Coworking Space   karena INTJ merupakan sosok yang imajinatif dan strategis, dengan rencana untuk segala sesuatunya. Dengan membaca buku/berdiam di coworking space adalah kegiatan yang sangat cocok untuk INTJ karena orang dengan tipe kepribadian ini adalah orang yang imajinatif tetapi tegas, ambisius tetapi menjaga privasi, sangat ingin tahu, tetapi mereka tidak membuang-buang energi mereka. Mereka haus akan pengetahuan dan  cenderung yakin bahwa dengan usaha, kecerdasan dan pertimbangan, tidak ada yang tidak mungkin."
INTP,Low,"Danau   karena INTP adalah penemu yang inovatif dengan kedahagaan akan pengetahuan yang tidak ada habisnya. Dengan memancing ke danau/sungai/kolam, mereka akan tenang dalam perenungan mengenai kompleksitas alam semesta dengan semburan aksi. Orang dengan tipe kepribadian ini sangat menyukai pola, dan menemukan perbedaan antarkalimat bisa disebut hobi, sehingga sebaiknya jangan berbohong kepada mereka. Mereka tidak tertarik dalam kegiatan dan pemeliharaan praktis harian, tetapi ketika mereka menemukan lingkungan tempat mereka dapat mengekspresikan kegeniusan kreativitas mereka, tidak ada batas waktu dan energi bagi Ahli Logika untuk mengembangkan solusi yang berwawasan. "
INFJ,Low,"Taman   karena INFJ adalah pendiam dan mistis, tetapi idealis yang sangat menginspirasi dan tak kenal lelah. Dengan menulis di taman, mereka akan memukan ruang yang tenang untuk menjelajahi imajinasi dan nilai-nilai yang membiarkan kreativitas batin berjalan. Orang-orang dengan personality ini walaupun lemah lembut, mereka memiliki pendapat yang sangat kuat dan akan berjuang tanpa lelah mempertahankan ide yang mereka yakini. Mereka juga perlu mengingat bahwa meski mereka sibuk mengurus dunia, mereka juga perlu mengurus diri sendiri."
INFP,Low,"Alam bersama orang-orang yang dikasihi   karena INFP merupakan orang yang puitis, baik hati dan altruisik, selalu ingin membantu aksi kebaikan. Pergi bersama orang-orang yang dikasihi ke alam akan menemukan mereka dengan pengaturan yang santai untuk menghubungkan, mengungkapkan, dan berbagi hal-hal yang bermakna. Walaupun mereka mungkin dirasa pendiam, tidak ramah, bahkan pemalu, orang-orang dengan personality ini memiliki api dan semangat di dalam dada yang benar-benar dapat bersinar. "
ESTJ,Low,"Marathon   karena ESTJ merupakan administrator istimewa, tidak ada duanya dalam mengelola sesuatu - atau orang. Eksekutif adalah perwakilan dari tradisi dan tatanan, memanfaatkan pemahaman mereka tentang apa yang benar, salah, dan diterima secara sosial untuk menyatukan keluarga dan masyarakat. Tantangan utama untuk orang dengan tipe kepribadian Eksekutif adalah mengakui bahwa tidak semua orang mengambil jalan yang sama atau berkontribusi dengan cara yang sama. Pemimpin sejati mengenal kekuatan individu, serta kelompok, dan membantu mewujudkan ide individu tersebut."
ESTP,Low,"Laut untuk berlayar, snorkeling, berselancar   karena ESTP merupakan orang yang cerdas, bersemangan dan sangat tanggap, yang benar-benar menikmati hidup yang menantang. Orang dengan tipe kepribadian ini sangat menikmati drama, gairah dan kesenangan, bukan untuk kegembiraan emosional, tetapi karena sangat menstimulasi pikiran logis mereka. Mereka dipaksa untuk membuat keputusan logis berdasarkan realitas langsung yang faktual dalam proses respons stimulus yang datang silih berganti."
ESFJ,Low,"Disneyland   karena ESFJ adalah orang yang sangat peduli, sosial dan populer, selalu ingin membantu. Dengan melakukan trip bersama keluarga ke Disneyland mereka akan merencanakan kesenangan bersama, dengan tawa dan kehangatan untuk semua orang. Di sekolah menengah, orang-orang berkepribadian ini biasanya menjadi pemandu sorak dan quarterback, mengatur pola, menjadi sorotan dan memimpin timnya menuju kemenangan dan ketenaran. Sebagai tipe kepribadian yang sangat tidak menyukai konflik, Konsul menghabiskan banyak waktu mereka untuk membangun ketertiban sosial, dan lebih menyukai rencana dan kegiatan terorganisasi daripada kegiatan yang belum jelas akhirnya atau silaturahmi spontan. "
ESFP,Low,"Rio Carnival   karena ESFP adalah orang yang spontan, bersemangan dan antusias - hidup tidak akan membosankan saat berdekatan dengan mereka.  Orang-orang dengan kepribadian ini memiliki rasa estestika yang paling kuat di antara kepribadian yang ada. Dari merawat diri dan pakaian hingga rumah dengan perabotan lengkap, kepribadian Penghibur pandai dalam hal mode. Namun, tantangan terbesar yang dihadapi Penghibur adalah bahwa mereka seringkali terlalu berfokus pada kesenangan langsung sehingga mengabaikan tugas dan tanggung jawab yang memungkinkan tercapainya kemudahan tersebut. "
ENTJ,Low,"Tour Guide   karena mereka adalah pemimpin yang pemberani, imaginatif dan berkemauan kuat, selalu menemukan cara - atau menciptakan cara. Dengan menjadi tour guide, mereka dengan kepribadian ini akan melakukan riset dan memilih resort terbaik, menikmati tantangan persaingan di lereng. Mereka memiliki karisma dan percaya diri, dan menonjolkan kekuasaan dengan cara sedemikian rupa yang dapat menarik orang banyak dengan suatu tujuan bersama. "
ENTP,Low,"Backpacker   karena ENTP merupakan pemikir yang cerdas dan serius yang gatal terhadap tantangan intelektual. Dengan menjadi backpacker, mereka bisa merangkul berbagai variasi dan stimulasi yang tak terduga, dan jelajahi ide-ide baru. Orang-orang dengan kepribadian ini memiliki jalan yang lebih panjang dalam mempertajam kemampuan alami mereka – kemandirian intelektual dan visi bebas mereka sangat bernilai saat mereka diberi tanggung jawab, atau paling tidak memiliki mewakili sesorang yang diberi tanggung jawab, tetapi untuk mencapainya dapat memerlukan berbagai pembuktian yang sulit diperlihatkan oleh mereka."
ENFJ,Low,"Bakti Sosial   karena ENFJ merupakan pemimpin yang karismatik dan menginspirasi, mampu memukai pendengarnya. Dengan menjadi sukarelawan untuk kegiatan bakti sosial, mereka bisa menjadi bagian dari tim yang berbagi nilai-nilai inti, membantu membuat dunia menjadi tempat yang lebih baik. Orang-orang dengan kepribadian ini merasa alami dan mudah berkomunikasi dengan orang lain, khususnya secara langsung, dan sifatnya yang berwawasan membantu orang dengan tipe kepribadian Protagonis untuk mencapai setiap pikiran, baik melalui fakta dan logika maupun emosi mentah. "
ENFP,Low,"Music Concert   karena ENFP merupakan orang yang memiliki semangat yang antusias, kreatif dan bebas bergaul, dan selalu dapat menemukan alasan untuk tersenyum. Dengan pergi ke konser musik, orang-orang dengan kepribadian ini bisa membagikan antusiasme dengan semangat yang sama, dalam suasana yang terbuka, idealis, dan toleran. Mereka akan menghabiskan banyak waktu mengeksplorasi hubungan sosial, perasaan dan ide sebelum mereka menemukan sesuatu yang benar-benar meyakinkan. Namun, ketika kepribadian ini akhirnya mendapat kedudukan mereka di dunia, imajinasi, empati dan semangat mereka mungkin akan membawa hasil yang mengagumkan."
